{
  "Age": 1.7828286185980258,
  "Study_Hours": 1.736380751027327,
  "Class_Attendance": 0.05209602552410293
}